id	title	wiki_path	url	file
124	场景编辑器概述	绿洲编辑器基础内容 / 编辑器功能窗口 / 场景编辑器概述	https://developer.gp.qq.com/wikieditor/#/catalog/124	articles/124-场景编辑器概述.md
127	匹配设置	绿洲编辑器基础内容 / 匹配系统 / 匹配设置	https://developer.gp.qq.com/wikieditor/#/catalog/127	articles/127-匹配设置.md
140	特效编辑	新手入门 / 资源管理与编辑 / 资源编辑 / 特效编辑	https://developer.gp.qq.com/wikieditor/#/catalog/140	articles/140-特效编辑.md
142	音频编辑	新手入门 / 资源管理与编辑 / 资源编辑 / 音频编辑	https://developer.gp.qq.com/wikieditor/#/catalog/142	articles/142-音频编辑.md
152	小地图	新手入门 / 游戏场景 / 小地图	https://developer.gp.qq.com/wikieditor/#/catalog/152	articles/152-小地图.md
153	修改主角属性	进阶内容 / GamePlay系统 / 角色系统 / 修改主角属性	https://developer.gp.qq.com/wikieditor/#/catalog/153	articles/153-修改主角属性.md
155	通过模式编辑器创建游戏规则	进阶内容 / 模式编辑器 / 通过模式编辑器创建游戏规则	https://developer.gp.qq.com/wikieditor/#/catalog/155	articles/155-通过模式编辑器创建游戏规则.md
157	模式编辑器Event,Condition,Action	进阶内容 / 模式编辑器 / 模式编辑器Event,Condition,Action	https://developer.gp.qq.com/wikieditor/#/catalog/157	articles/157-模式编辑器Event,Condition,Action.md
167	使用脚本创建全新的规则	进阶内容 / 模式编辑器 / 使用脚本创建全新的规则	https://developer.gp.qq.com/wikieditor/#/catalog/167	articles/167-使用脚本创建全新的规则.md
168	框架介绍	进阶内容 / GamePlay系统 / 怪物系统 / AI编辑器1.0 / 怪物制作 / 框架介绍	https://developer.gp.qq.com/wikieditor/#/catalog/168	articles/168-框架介绍.md
169	寻路网格烘焙以及组件配置	进阶内容 / GamePlay系统 / 怪物系统 / AI编辑器1.0 / 怪物制作 / 寻路网格烘焙以及组件配置	https://developer.gp.qq.com/wikieditor/#/catalog/169	articles/169-寻路网格烘焙以及组件配置.md
170	新建怪物蓝图并配置动画	进阶内容 / GamePlay系统 / 怪物系统 / AI编辑器1.0 / 怪物制作 / 新建怪物蓝图并配置动画	https://developer.gp.qq.com/wikieditor/#/catalog/170	articles/170-新建怪物蓝图并配置动画.md
171	让怪物移动起来	进阶内容 / GamePlay系统 / 怪物系统 / AI编辑器1.0 / 怪物制作 / 让怪物移动起来	https://developer.gp.qq.com/wikieditor/#/catalog/171	articles/171-让怪物移动起来.md
172	让怪物释放技能进行攻击	进阶内容 / GamePlay系统 / 怪物系统 / AI编辑器1.0 / 怪物制作 / 让怪物释放技能进行攻击	https://developer.gp.qq.com/wikieditor/#/catalog/172	articles/172-让怪物释放技能进行攻击.md
173	常用参数和接口详解	进阶内容 / GamePlay系统 / 怪物系统 / AI编辑器1.0 / 怪物制作 / 常用参数和接口详解	https://developer.gp.qq.com/wikieditor/#/catalog/173	articles/173-常用参数和接口详解.md
174	附件工程	进阶内容 / GamePlay系统 / 怪物系统 / AI编辑器1.0 / 怪物制作 / 附件工程	https://developer.gp.qq.com/wikieditor/#/catalog/174	articles/174-附件工程.md
175	行为树基本概念	进阶内容 / GamePlay系统 / 怪物系统 / AI编辑器1.0 / 行为树基本概念	https://developer.gp.qq.com/wikieditor/#/catalog/175	articles/175-行为树基本概念.md
177	使用导航网格NavMesh	进阶内容 / GamePlay系统 / 怪物系统 / AI编辑器1.0 / 使用导航网格NavMesh	https://developer.gp.qq.com/wikieditor/#/catalog/177	articles/177-使用导航网格NavMesh.md
178	快速入门	进阶内容 / GamePlay系统 / 技能系统 / 技能编辑器1.0 / 快速入门	https://developer.gp.qq.com/wikieditor/#/catalog/178	articles/178-快速入门.md
179	利用和平的角色拓展玩法内容	进阶内容 / GamePlay系统 / 怪物系统 / AI编辑器1.0 / 利用和平的角色拓展玩法内容	https://developer.gp.qq.com/wikieditor/#/catalog/179	articles/179-利用和平的角色拓展玩法内容.md
181	技能设置，技能阶段设置详解	进阶内容 / GamePlay系统 / 技能系统 / 技能编辑器1.0 / 技能设置，技能阶段设置详解	https://developer.gp.qq.com/wikieditor/#/catalog/181	articles/181-技能设置，技能阶段设置详解.md
182	新建技能阶段，新建技能Action	进阶内容 / GamePlay系统 / 技能系统 / 技能编辑器1.0 / 新建技能阶段，新建技能Action	https://developer.gp.qq.com/wikieditor/#/catalog/182	articles/182-新建技能阶段，新建技能Action.md
183	自定义自己的技能Action节点	进阶内容 / GamePlay系统 / 技能系统 / 技能编辑器1.0 / 自定义自己的技能Action节点	https://developer.gp.qq.com/wikieditor/#/catalog/183	articles/183-自定义自己的技能Action节点.md
185	概述	进阶内容 / GamePlay系统 / 物资系统 / 物资编辑器1.0 / 概述	https://developer.gp.qq.com/wikieditor/#/catalog/185	articles/185-概述.md
186	创建新的药品	进阶内容 / GamePlay系统 / 物资系统 / 物资编辑器1.0 / 创建新的药品	https://developer.gp.qq.com/wikieditor/#/catalog/186	articles/186-创建新的药品.md
187	枪械物资	进阶内容 / GamePlay系统 / 物资系统 / 物资编辑器1.0 / 枪械物资	https://developer.gp.qq.com/wikieditor/#/catalog/187	articles/187-枪械物资.md
188	投掷物物资	进阶内容 / GamePlay系统 / 物资系统 / 物资编辑器1.0 / 投掷物物资	https://developer.gp.qq.com/wikieditor/#/catalog/188	articles/188-投掷物物资.md
193	为玩家添加初始道具	进阶内容 / GamePlay系统 / 物资系统 / 物资编辑器1.0 / 为玩家添加初始道具	https://developer.gp.qq.com/wikieditor/#/catalog/193	articles/193-为玩家添加初始道具.md
194	物资刷新示例	进阶内容 / GamePlay系统 / 物资系统 / 物资编辑器1.0 / 物资刷新示例	https://developer.gp.qq.com/wikieditor/#/catalog/194	articles/194-物资刷新示例.md
195	Buff简介	进阶内容 / GamePlay系统 / 技能系统 / Buff编辑器1.0 / Buff简介	https://developer.gp.qq.com/wikieditor/#/catalog/195	articles/195-Buff简介.md
196	自定义自己的BuffAction	进阶内容 / GamePlay系统 / 技能系统 / Buff编辑器1.0 / 自定义自己的BuffAction	https://developer.gp.qq.com/wikieditor/#/catalog/196	articles/196-自定义自己的BuffAction.md
199	UMG Lua的结构	进阶内容 / UI系统 / UMG Lua的结构	https://developer.gp.qq.com/wikieditor/#/catalog/199	articles/199-UMG Lua的结构.md
201	创建3D UI	进阶内容 / UI系统 / 创建3D UI	https://developer.gp.qq.com/wikieditor/#/catalog/201	articles/201-创建3D UI.md
202	富文本框	进阶内容 / UI系统 / 富文本框	https://developer.gp.qq.com/wikieditor/#/catalog/202	articles/202-富文本框.md
203	网络同步系统介绍	进阶内容 / 网络同步系统介绍	https://developer.gp.qq.com/wikieditor/#/catalog/203	articles/203-网络同步系统介绍.md
204	自定义面板	进阶内容 / 和平精英集成功能 / 自定义面板	https://developer.gp.qq.com/wikieditor/#/catalog/204	articles/204-自定义面板.md
206	航线系统	进阶内容 / 和平精英集成功能 / 航线系统	https://developer.gp.qq.com/wikieditor/#/catalog/206	articles/206-航线系统.md
207	空投系统1.0	进阶内容 / 和平精英集成功能 / 旧版本功能 / 空投系统1.0	https://developer.gp.qq.com/wikieditor/#/catalog/207	articles/207-空投系统1.0.md
208	局内观战	进阶内容 / 和平精英集成功能 / 观战功能 / 局内观战	https://developer.gp.qq.com/wikieditor/#/catalog/208	articles/208-局内观战.md
209	好友观战	进阶内容 / 和平精英集成功能 / 观战功能 / 好友观战	https://developer.gp.qq.com/wikieditor/#/catalog/209	articles/209-好友观战.md
210	全局（房间）观战	进阶内容 / 和平精英集成功能 / 观战功能 / 全局（房间）观战	https://developer.gp.qq.com/wikieditor/#/catalog/210	articles/210-全局（房间）观战.md
211	观战Debug	进阶内容 / 和平精英集成功能 / 观战功能 / 观战Debug	https://developer.gp.qq.com/wikieditor/#/catalog/211	articles/211-观战Debug.md
212	语音系统	进阶内容 / 和平精英集成功能 / 语音系统	https://developer.gp.qq.com/wikieditor/#/catalog/212	articles/212-语音系统.md
213	好友系统	进阶内容 / 和平精英集成功能 / 好友系统	https://developer.gp.qq.com/wikieditor/#/catalog/213	articles/213-好友系统.md
214	玩家头像	进阶内容 / 和平精英集成功能 / 玩家头像	https://developer.gp.qq.com/wikieditor/#/catalog/214	articles/214-玩家头像.md
216	聊天系统	进阶内容 / 和平精英集成功能 / 聊天系统	https://developer.gp.qq.com/wikieditor/#/catalog/216	articles/216-聊天系统.md
224	Lua控制台	绿洲编辑器基础内容 / 调试游戏 / Lua控制台	https://developer.gp.qq.com/wikieditor/#/catalog/224	articles/224-Lua控制台.md
225	天气系统	新手入门 / 游戏场景 / 天气系统	https://developer.gp.qq.com/wikieditor/#/catalog/225	articles/225-天气系统.md
234	实现角色复活	常用实战教学 / 实现角色复活	https://developer.gp.qq.com/wikieditor/#/catalog/234	articles/234-实现角色复活.md
236	开启/禁用所有伤害	常用实战教学 / 开启/禁用所有伤害	https://developer.gp.qq.com/wikieditor/#/catalog/236	articles/236-开启_禁用所有伤害.md
238	自定义按钮使用时和滑屏，其他按钮冲突的解决方法	常用实战教学 / 自定义按钮使用时和滑屏，其他按钮冲突的解决方法	https://developer.gp.qq.com/wikieditor/#/catalog/238	articles/238-自定义按钮使用时和滑屏，其他按钮冲突的解决方法.md
239	如何显示左上角的队友状态栏	常用实战教学 / 如何显示左上角的队友状态栏	https://developer.gp.qq.com/wikieditor/#/catalog/239	articles/239-如何显示左上角的队友状态栏.md
240	3D坐标转换屏幕2D坐标	常用实战教学 / 3D坐标转换屏幕2D坐标	https://developer.gp.qq.com/wikieditor/#/catalog/240	articles/240-3D坐标转换屏幕2D坐标.md
241	在角色胶囊体外增加长方体碰撞	常用实战教学 / 在角色胶囊体外增加长方体碰撞	https://developer.gp.qq.com/wikieditor/#/catalog/241	articles/241-在角色胶囊体外增加长方体碰撞.md
242	如何开启关闭队友头顶UI（编号和距离）	常用实战教学 / 如何开启关闭队友头顶UI（编号和距离）	https://developer.gp.qq.com/wikieditor/#/catalog/242	articles/242-如何开启关闭队友头顶UI（编号和距离）.md
243	设置被淘汰后是否倒地还是直接淘汰	常用实战教学 / 设置被淘汰后是否倒地还是直接淘汰	https://developer.gp.qq.com/wikieditor/#/catalog/243	articles/243-设置被淘汰后是否倒地还是直接淘汰.md
247	远距离传送处理	常用实战教学 / 远距离传送处理	https://developer.gp.qq.com/wikieditor/#/catalog/247	articles/247-远距离传送处理.md
248	开启角色攀爬（翻墙）以及滑铲功能	常用实战教学 / 开启角色攀爬（翻墙）以及滑铲功能	https://developer.gp.qq.com/wikieditor/#/catalog/248	articles/248-开启角色攀爬（翻墙）以及滑铲功能.md
249	动态修改物体颜色	常用实战教学 / 动态修改物体颜色	https://developer.gp.qq.com/wikieditor/#/catalog/249	articles/249-动态修改物体颜色.md
250	和平主界面控件	进阶内容 / UI系统 / 和平控件查询 / 和平主界面控件	https://developer.gp.qq.com/wikieditor/#/catalog/250	articles/250-和平主界面控件.md
251	和平全局观战界面控件	进阶内容 / UI系统 / 和平控件查询 / 和平全局观战界面控件	https://developer.gp.qq.com/wikieditor/#/catalog/251	articles/251-和平全局观战界面控件.md
252	引擎	进阶内容 / GamePlay系统 / 怪物系统 / AI编辑器1.0 / 行为树节点使用手册 / Composite / 引擎	https://developer.gp.qq.com/wikieditor/#/catalog/252	articles/252-引擎.md
253	引擎	进阶内容 / GamePlay系统 / 怪物系统 / AI编辑器1.0 / 行为树节点使用手册 / Task / 引擎	https://developer.gp.qq.com/wikieditor/#/catalog/253	articles/253-引擎.md
254	和平	进阶内容 / GamePlay系统 / 怪物系统 / AI编辑器1.0 / 行为树节点使用手册 / Task / 和平	https://developer.gp.qq.com/wikieditor/#/catalog/254	articles/254-和平.md
255	引擎	进阶内容 / GamePlay系统 / 怪物系统 / AI编辑器1.0 / 行为树节点使用手册 / Decorator / 引擎	https://developer.gp.qq.com/wikieditor/#/catalog/255	articles/255-引擎.md
256	和平	进阶内容 / GamePlay系统 / 怪物系统 / AI编辑器1.0 / 行为树节点使用手册 / Decorator / 和平	https://developer.gp.qq.com/wikieditor/#/catalog/256	articles/256-和平.md
257	引擎	进阶内容 / GamePlay系统 / 怪物系统 / AI编辑器1.0 / 行为树节点使用手册 / Service / 引擎	https://developer.gp.qq.com/wikieditor/#/catalog/257	articles/257-引擎.md
258	和平	进阶内容 / GamePlay系统 / 怪物系统 / AI编辑器1.0 / 行为树节点使用手册 / Service / 和平	https://developer.gp.qq.com/wikieditor/#/catalog/258	articles/258-和平.md
259	技能编辑器节点查询	进阶内容 / GamePlay系统 / 技能系统 / 技能编辑器1.0 / 技能编辑器节点查询	https://developer.gp.qq.com/wikieditor/#/catalog/259	articles/259-技能编辑器节点查询.md
261	使用笔刷创建植被	性能优化及异常处理 / 场景优化 / 使用笔刷创建植被	https://developer.gp.qq.com/wikieditor/#/catalog/261	articles/261-使用笔刷创建植被.md
263	使用同模角色优化性能	性能优化及异常处理 / 使用同模角色优化性能	https://developer.gp.qq.com/wikieditor/#/catalog/263	articles/263-使用同模角色优化性能.md
264	渲染剔除	性能优化及异常处理 / 渲染剔除	https://developer.gp.qq.com/wikieditor/#/catalog/264	articles/264-渲染剔除.md
265	附件工程	性能优化及异常处理 / 附件工程	https://developer.gp.qq.com/wikieditor/#/catalog/265	articles/265-附件工程.md
266	网络裁剪	性能优化及异常处理 / 网络裁剪	https://developer.gp.qq.com/wikieditor/#/catalog/266	articles/266-网络裁剪.md
267	异步加载	性能优化及异常处理 / 异步加载	https://developer.gp.qq.com/wikieditor/#/catalog/267	articles/267-异步加载.md
268	预加载	性能优化及异常处理 / 预加载	https://developer.gp.qq.com/wikieditor/#/catalog/268	articles/268-预加载.md
269	流量优化	性能优化及异常处理 / 流量优化	https://developer.gp.qq.com/wikieditor/#/catalog/269	articles/269-流量优化.md
270	弱网，断线重连处理	性能优化及异常处理 / 弱网，断线重连处理	https://developer.gp.qq.com/wikieditor/#/catalog/270	articles/270-弱网，断线重连处理.md
271	字体规范	开发者须知 / 字体规范	https://developer.gp.qq.com/wikieditor/#/catalog/271	articles/271-字体规范.md
272	游戏结束时的逻辑处理	绿洲编辑器基础内容 / 脚本编写 / 游戏结束时的逻辑处理	https://developer.gp.qq.com/wikieditor/#/catalog/272	articles/272-游戏结束时的逻辑处理.md
277	资源导入	新手入门 / 资源管理与编辑 / 资源导入	https://developer.gp.qq.com/wikieditor/#/catalog/277	articles/277-资源导入.md
279	超大地图关卡加载方式	新手入门 / 游戏场景 / 关卡编辑 / 超大地图关卡加载方式	https://developer.gp.qq.com/wikieditor/#/catalog/279	articles/279-超大地图关卡加载方式.md
281	地形Landscape	新手入门 / 游戏场景 / 场景编辑基础 / 地形Landscape	https://developer.gp.qq.com/wikieditor/#/catalog/281	articles/281-地形Landscape.md
282	样条曲线	新手入门 / 游戏场景 / 场景编辑基础 / 样条曲线	https://developer.gp.qq.com/wikieditor/#/catalog/282	articles/282-样条曲线.md
283	植被工具	新手入门 / 游戏场景 / 场景编辑基础 / 植被工具	https://developer.gp.qq.com/wikieditor/#/catalog/283	articles/283-植被工具.md
284	水体	新手入门 / 游戏场景 / 水体	https://developer.gp.qq.com/wikieditor/#/catalog/284	articles/284-水体.md
289	绿洲启元编辑器介绍与安装	绿洲编辑器基础内容 / 绿洲启元编辑器介绍与安装	https://developer.gp.qq.com/wikieditor/#/catalog/289	articles/289-绿洲启元编辑器介绍与安装.md
298	制作HellowWorld工程	新手入门 / 实现HelloWord / 制作HellowWorld工程	https://developer.gp.qq.com/wikieditor/#/catalog/298	articles/298-制作HellowWorld工程.md
299	编辑器资源库	新手入门 / 资源管理与编辑 / 编辑器资源库	https://developer.gp.qq.com/wikieditor/#/catalog/299	articles/299-编辑器资源库.md
300	贴图与材质编辑	新手入门 / 资源管理与编辑 / 资源编辑 / 贴图与材质编辑	https://developer.gp.qq.com/wikieditor/#/catalog/300	articles/300-贴图与材质编辑.md
302	经典海岛模板	玩法案例及模板 / 经典海岛模板	https://developer.gp.qq.com/wikieditor/#/catalog/302	articles/302-经典海岛模板.md
307	编辑器Debug调试	绿洲编辑器基础内容 / 调试游戏 / 编辑器Debug调试	https://developer.gp.qq.com/wikieditor/#/catalog/307	articles/307-编辑器Debug调试.md
308	绿洲启元编辑器基础术语	绿洲编辑器基础内容 / 绿洲启元编辑器基础术语	https://developer.gp.qq.com/wikieditor/#/catalog/308	articles/308-绿洲启元编辑器基础术语.md
312	创建工程及工程结构介绍	绿洲编辑器基础内容 / 创建工程及工程结构介绍	https://developer.gp.qq.com/wikieditor/#/catalog/312	articles/312-创建工程及工程结构介绍.md
313	静态模型编辑	新手入门 / 资源管理与编辑 / 资源编辑 / 静态模型编辑	https://developer.gp.qq.com/wikieditor/#/catalog/313	articles/313-静态模型编辑.md
314	资源引用	新手入门 / 资源管理与编辑 / 资源引用	https://developer.gp.qq.com/wikieditor/#/catalog/314	articles/314-资源引用.md
330	一般地图子关卡管理	新手入门 / 游戏场景 / 关卡编辑 / 一般地图子关卡管理	https://developer.gp.qq.com/wikieditor/#/catalog/330	articles/330-一般地图子关卡管理.md
336	资源商店	资源商店	https://developer.gp.qq.com/wikieditor/#/catalog/336	articles/336-资源商店.md
338	信号圈系统1.0	进阶内容 / 和平精英集成功能 / 旧版本功能 / 信号圈系统1.0	https://developer.gp.qq.com/wikieditor/#/catalog/338	articles/338-信号圈系统1.0.md
339	使用枚举类型	进阶内容 / 使用枚举类型	https://developer.gp.qq.com/wikieditor/#/catalog/339	articles/339-使用枚举类型.md
340	编辑器功能窗口概述	绿洲编辑器基础内容 / 编辑器功能窗口 / 编辑器功能窗口概述	https://developer.gp.qq.com/wikieditor/#/catalog/340	articles/340-编辑器功能窗口概述.md
342	动画序列	新手入门 / 资源管理与编辑 / 资源编辑 / 动画序列	https://developer.gp.qq.com/wikieditor/#/catalog/342	articles/342-动画序列.md
343	场景物件编辑	新手入门 / 游戏场景 / 场景物件编辑	https://developer.gp.qq.com/wikieditor/#/catalog/343	articles/343-场景物件编辑.md
344	关卡编辑基础	新手入门 / 游戏场景 / 关卡编辑 / 关卡编辑基础	https://developer.gp.qq.com/wikieditor/#/catalog/344	articles/344-关卡编辑基础.md
346	绿洲启元Lua脚本开发指南	绿洲编辑器基础内容 / 脚本编写 / 绿洲启元Lua脚本开发指南	https://developer.gp.qq.com/wikieditor/#/catalog/346	articles/346-绿洲启元Lua脚本开发指南.md
347	快速入门	进阶内容 / UI系统 / 快速入门	https://developer.gp.qq.com/wikieditor/#/catalog/347	articles/347-快速入门.md
348	性能优化总览	性能优化及异常处理 / 性能优化总览	https://developer.gp.qq.com/wikieditor/#/catalog/348	articles/348-性能优化总览.md
349	开启和平精英集成系统功能	进阶内容 / 和平精英集成功能 / 旧版本功能 / 开启和平精英集成系统功能	https://developer.gp.qq.com/wikieditor/#/catalog/349	articles/349-开启和平精英集成系统功能.md
351	使用Lua编写玩法功能	绿洲编辑器基础内容 / 脚本编写 / 使用Lua编写玩法功能	https://developer.gp.qq.com/wikieditor/#/catalog/351	articles/351-使用Lua编写玩法功能.md
352	绿洲启元玩法开发框架介绍	进阶内容 / 绿洲启元玩法开发框架介绍	https://developer.gp.qq.com/wikieditor/#/catalog/352	articles/352-绿洲启元玩法开发框架介绍.md
353	小地图标记功能说明	常用实战教学 / 小地图标记功能说明	https://developer.gp.qq.com/wikieditor/#/catalog/353	articles/353-小地图标记功能说明.md
354	调试日志说明	绿洲编辑器基础内容 / 调试游戏 / 调试日志说明	https://developer.gp.qq.com/wikieditor/#/catalog/354	articles/354-调试日志说明.md
356	预置游戏规则	新手入门 / 预置游戏规则	https://developer.gp.qq.com/wikieditor/#/catalog/356	articles/356-预置游戏规则.md
357	异形屏适配	进阶内容 / UI系统 / 异形屏适配	https://developer.gp.qq.com/wikieditor/#/catalog/357	articles/357-异形屏适配.md
358	自定义节点	进阶内容 / GamePlay系统 / 怪物系统 / AI编辑器1.0 / 自定义节点	https://developer.gp.qq.com/wikieditor/#/catalog/358	articles/358-自定义节点.md
362	角色出生点	进阶内容 / GamePlay系统 / 角色系统 / 角色出生点	https://developer.gp.qq.com/wikieditor/#/catalog/362	articles/362-角色出生点.md
363	项目设置	绿洲编辑器基础内容 / 上传和发布游戏 / 项目设置	https://developer.gp.qq.com/wikieditor/#/catalog/363	articles/363-项目设置.md
366	场景物件合批	性能优化及异常处理 / 场景优化 / 场景物件合批	https://developer.gp.qq.com/wikieditor/#/catalog/366	articles/366-场景物件合批.md
372	上传工程与真机测试	绿洲编辑器基础内容 / 上传和发布游戏 / 上传工程与真机测试	https://developer.gp.qq.com/wikieditor/#/catalog/372	articles/372-上传工程与真机测试.md
374	绿洲启元段位和赛季接入指南	进阶内容 / 和平精英集成功能 / 绿洲启元段位和赛季接入指南	https://developer.gp.qq.com/wikieditor/#/catalog/374	articles/374-绿洲启元段位和赛季接入指南.md
375	绿洲启元徽章接入指南	进阶内容 / 和平精英集成功能 / 绿洲启元徽章接入指南	https://developer.gp.qq.com/wikieditor/#/catalog/375	articles/375-绿洲启元徽章接入指南.md
376	二次匹配功能	绿洲编辑器基础内容 / 匹配系统 / 二次匹配功能	https://developer.gp.qq.com/wikieditor/#/catalog/376	articles/376-二次匹配功能.md
378	玩法提审与更新	绿洲编辑器基础内容 / 上传和发布游戏 / 玩法提审与更新	https://developer.gp.qq.com/wikieditor/#/catalog/378	articles/378-玩法提审与更新.md
379	普通载具	进阶内容 / GamePlay系统 / 载具系统 / 普通载具	https://developer.gp.qq.com/wikieditor/#/catalog/379	articles/379-普通载具.md
380	团队账号功能使用说明	绿洲编辑器基础内容 / 团队账号功能使用说明	https://developer.gp.qq.com/wikieditor/#/catalog/380	articles/380-团队账号功能使用说明.md
381	绿洲启元管理平台使用指引	绿洲编辑器基础内容 / 绿洲启元管理平台使用指引	https://developer.gp.qq.com/wikieditor/#/catalog/381	articles/381-绿洲启元管理平台使用指引.md
20002	和平营地绿洲专区使用说明书	和平营地绿洲专区使用说明书	https://developer.gp.qq.com/wikieditor/#/catalog/20002	articles/20002-和平营地绿洲专区使用说明书.md
20008	商业化系统	商业化及功能模板 / 商业化系统	https://developer.gp.qq.com/wikieditor/#/catalog/20008	articles/20008-商业化系统.md
20015	经典团竞玩法	玩法案例及模板 / 团竞模板 / 经典团竞玩法	https://developer.gp.qq.com/wikieditor/#/catalog/20015	articles/20015-经典团竞玩法.md
20016	军备团竞玩法	玩法案例及模板 / 团竞模板 / 军备团竞玩法	https://developer.gp.qq.com/wikieditor/#/catalog/20016	articles/20016-军备团竞玩法.md
20017	怪物动画蓝图复用功能	进阶内容 / GamePlay系统 / 怪物系统 / 怪物动画蓝图复用功能	https://developer.gp.qq.com/wikieditor/#/catalog/20017	articles/20017-怪物动画蓝图复用功能.md
20019	和平主界面控件布局	进阶内容 / UI系统 / 和平主界面控件布局	https://developer.gp.qq.com/wikieditor/#/catalog/20019	articles/20019-和平主界面控件布局.md
20023	自定义行为统计	进阶内容 / 自定义行为统计	https://developer.gp.qq.com/wikieditor/#/catalog/20023	articles/20023-自定义行为统计.md
20026	商城模板	商业化及功能模板 / 商城模板	https://developer.gp.qq.com/wikieditor/#/catalog/20026	articles/20026-商城模板.md
20027	抽奖模板	商业化及功能模板 / 抽奖模板	https://developer.gp.qq.com/wikieditor/#/catalog/20027	articles/20027-抽奖模板.md
20028	1.28 Release Notes	版本日志 / 1.28 Release Notes	https://developer.gp.qq.com/wikieditor/#/catalog/20028	articles/20028-1.28 Release Notes.md
20033	编辑器联机调试	绿洲编辑器基础内容 / 调试游戏 / 编辑器联机调试	https://developer.gp.qq.com/wikieditor/#/catalog/20033	articles/20033-编辑器联机调试.md
20038	占点团竞玩法	玩法案例及模板 / 团竞模板 / 占点团竞玩法	https://developer.gp.qq.com/wikieditor/#/catalog/20038	articles/20038-占点团竞玩法.md
20042	客户端调试管理器	绿洲编辑器基础内容 / 调试游戏 / 客户端调试管理器	https://developer.gp.qq.com/wikieditor/#/catalog/20042	articles/20042-客户端调试管理器.md
20044	1.29 Release Notes	版本日志 / 1.29 Release Notes	https://developer.gp.qq.com/wikieditor/#/catalog/20044	articles/20044-1.29 Release Notes.md
20048	排行榜模板	商业化及功能模板 / 排行榜模板	https://developer.gp.qq.com/wikieditor/#/catalog/20048	articles/20048-排行榜模板.md
20049	礼包模板	商业化及功能模板 / 礼包模板	https://developer.gp.qq.com/wikieditor/#/catalog/20049	articles/20049-礼包模板.md
20052	玩家数据存档	进阶内容 / 玩家数据存档	https://developer.gp.qq.com/wikieditor/#/catalog/20052	articles/20052-玩家数据存档.md
20058	通用掉落表	通用功能 / 通用掉落表	https://developer.gp.qq.com/wikieditor/#/catalog/20058	articles/20058-通用掉落表.md
20060	签到模板	商业化及功能模板 / 签到模板	https://developer.gp.qq.com/wikieditor/#/catalog/20060	articles/20060-签到模板.md
20062	阶段匹配	绿洲编辑器基础内容 / 匹配系统 / 阶段匹配	https://developer.gp.qq.com/wikieditor/#/catalog/20062	articles/20062-阶段匹配.md
20071	1.30 Release Notes	版本日志 / 1.30 Release Notes	https://developer.gp.qq.com/wikieditor/#/catalog/20071	articles/20071-1.30 Release Notes.md
20075	技能抛体	进阶内容 / GamePlay系统 / 技能系统 / 技能编辑器2.0 / 技能抛体	https://developer.gp.qq.com/wikieditor/#/catalog/20075	articles/20075-技能抛体.md
20087	Buff编辑器	进阶内容 / GamePlay系统 / 技能系统 / Buff编辑器2.0 / Buff编辑器	https://developer.gp.qq.com/wikieditor/#/catalog/20087	articles/20087-Buff编辑器.md
20090	GamePart模块化	通用功能 / GamePart模块化	https://developer.gp.qq.com/wikieditor/#/catalog/20090	articles/20090-GamePart模块化.md
20091	技能编辑器	进阶内容 / GamePlay系统 / 技能系统 / 技能编辑器2.0 / 技能编辑器	https://developer.gp.qq.com/wikieditor/#/catalog/20091	articles/20091-技能编辑器.md
20094	技能Task查询手册	进阶内容 / GamePlay系统 / 技能系统 / 技能编辑器2.0 / 技能Task查询手册	https://developer.gp.qq.com/wikieditor/#/catalog/20094	articles/20094-技能Task查询手册.md
20095	队伍与阵营	进阶内容 / GamePlay系统 / 角色系统 / 队伍与阵营	https://developer.gp.qq.com/wikieditor/#/catalog/20095	articles/20095-队伍与阵营.md
20097	和平控件锚点	进阶内容 / UI系统 / 和平控件锚点	https://developer.gp.qq.com/wikieditor/#/catalog/20097	articles/20097-和平控件锚点.md
20098	通用属性系统	进阶内容 / GamePlay系统 / 属性与伤害 / 通用属性系统	https://developer.gp.qq.com/wikieditor/#/catalog/20098	articles/20098-通用属性系统.md
20099	全局伤害公式	进阶内容 / GamePlay系统 / 属性与伤害 / 全局伤害公式	https://developer.gp.qq.com/wikieditor/#/catalog/20099	articles/20099-全局伤害公式.md
20101	物品编辑器	进阶内容 / GamePlay系统 / 物资系统 / 物资编辑器2.0 / 物品编辑器	https://developer.gp.qq.com/wikieditor/#/catalog/20101	articles/20101-物品编辑器.md
20102	Gameplay标签	进阶内容 / GamePlay系统 / Gameplay标签	https://developer.gp.qq.com/wikieditor/#/catalog/20102	articles/20102-Gameplay标签.md
20103	自定义枪械	进阶内容 / GamePlay系统 / 物资系统 / 物资编辑器2.0 / 自定义枪械	https://developer.gp.qq.com/wikieditor/#/catalog/20103	articles/20103-自定义枪械.md
20104	背包系统	进阶内容 / GamePlay系统 / 物资系统 / 物资编辑器2.0 / 背包系统	https://developer.gp.qq.com/wikieditor/#/catalog/20104	articles/20104-背包系统.md
20106	状态互斥	进阶内容 / GamePlay系统 / 技能系统 / 状态互斥	https://developer.gp.qq.com/wikieditor/#/catalog/20106	articles/20106-状态互斥.md
20108	技能属性绑定	进阶内容 / GamePlay系统 / 技能系统 / 技能属性绑定	https://developer.gp.qq.com/wikieditor/#/catalog/20108	articles/20108-技能属性绑定.md
20109	通用GM面板	绿洲编辑器基础内容 / 调试游戏 / 通用GM面板	https://developer.gp.qq.com/wikieditor/#/catalog/20109	articles/20109-通用GM面板.md
20110	被动技能	进阶内容 / GamePlay系统 / 技能系统 / 技能编辑器2.0 / 被动技能	https://developer.gp.qq.com/wikieditor/#/catalog/20110	articles/20110-被动技能.md
20111	技能Condition查询手册	进阶内容 / GamePlay系统 / 技能系统 / 技能编辑器2.0 / 技能Condition查询手册	https://developer.gp.qq.com/wikieditor/#/catalog/20111	articles/20111-技能Condition查询手册.md
20112	技能Event查询手册	进阶内容 / GamePlay系统 / 技能系统 / 技能编辑器2.0 / 技能Event查询手册	https://developer.gp.qq.com/wikieditor/#/catalog/20112	articles/20112-技能Event查询手册.md
20114	技能调试工具	进阶内容 / GamePlay系统 / 技能系统 / 技能编辑器2.0 / 技能调试工具	https://developer.gp.qq.com/wikieditor/#/catalog/20114	articles/20114-技能调试工具.md
20116	1.31 Release Notes	版本日志 / 1.31 Release Notes	https://developer.gp.qq.com/wikieditor/#/catalog/20116	articles/20116-1.31 Release Notes.md
20117	BuffAction查询手册	进阶内容 / GamePlay系统 / 技能系统 / Buff编辑器2.0 / BuffAction查询手册	https://developer.gp.qq.com/wikieditor/#/catalog/20117	articles/20117-BuffAction查询手册.md
20139	虚拟物品	商业化及功能模板 / 虚拟物品	https://developer.gp.qq.com/wikieditor/#/catalog/20139	articles/20139-虚拟物品.md
20142	通用掉落组件	通用功能 / 通用掉落组件	https://developer.gp.qq.com/wikieditor/#/catalog/20142	articles/20142-通用掉落组件.md
20144	怪物快速配置指南	进阶内容 / GamePlay系统 / 怪物系统 / 怪物快速配置指南	https://developer.gp.qq.com/wikieditor/#/catalog/20144	articles/20144-怪物快速配置指南.md
20145	怪物血条	进阶内容 / GamePlay系统 / 怪物系统 / 怪物血条	https://developer.gp.qq.com/wikieditor/#/catalog/20145	articles/20145-怪物血条.md
20148	物品掉落与保留	进阶内容 / GamePlay系统 / 角色系统 / 物品掉落与保留	https://developer.gp.qq.com/wikieditor/#/catalog/20148	articles/20148-物品掉落与保留.md
20150	通用运动组件	通用功能 / 通用运动组件	https://developer.gp.qq.com/wikieditor/#/catalog/20150	articles/20150-通用运动组件.md
20152	技能状态图	进阶内容 / GamePlay系统 / 技能系统 / 技能编辑器2.0 / 技能状态图	https://developer.gp.qq.com/wikieditor/#/catalog/20152	articles/20152-技能状态图.md
20153	属性修改器	进阶内容 / GamePlay系统 / 属性与伤害 / 属性修改器	https://developer.gp.qq.com/wikieditor/#/catalog/20153	articles/20153-属性修改器.md
20155	物资刷新器	进阶内容 / GamePlay系统 / 物资系统 / 物资编辑器2.0 / 物资刷新器	https://developer.gp.qq.com/wikieditor/#/catalog/20155	articles/20155-物资刷新器.md
20156	怪物刷新器	进阶内容 / GamePlay系统 / 怪物系统 / 怪物刷新器	https://developer.gp.qq.com/wikieditor/#/catalog/20156	articles/20156-怪物刷新器.md
20157	自定义投掷物	进阶内容 / GamePlay系统 / 物资系统 / 物资编辑器2.0 / 自定义投掷物	https://developer.gp.qq.com/wikieditor/#/catalog/20157	articles/20157-自定义投掷物.md
20158	自定义近战武器	进阶内容 / GamePlay系统 / 物资系统 / 物资编辑器2.0 / 自定义近战武器	https://developer.gp.qq.com/wikieditor/#/catalog/20158	articles/20158-自定义近战武器.md
20159	枪械属性对照表	进阶内容 / GamePlay系统 / 属性与伤害 / 枪械属性对照表	https://developer.gp.qq.com/wikieditor/#/catalog/20159	articles/20159-枪械属性对照表.md
20160	通用伤害飘字	通用功能 / 通用伤害飘字	https://developer.gp.qq.com/wikieditor/#/catalog/20160	articles/20160-通用伤害飘字.md
20161	怪物调试工具	进阶内容 / GamePlay系统 / 怪物系统 / 怪物调试工具	https://developer.gp.qq.com/wikieditor/#/catalog/20161	articles/20161-怪物调试工具.md
20162	怪物逻辑管理组件	进阶内容 / GamePlay系统 / 怪物系统 / 怪物逻辑管理组件	https://developer.gp.qq.com/wikieditor/#/catalog/20162	articles/20162-怪物逻辑管理组件.md
20163	通用消息系统	通用功能 / 通用消息系统	https://developer.gp.qq.com/wikieditor/#/catalog/20163	articles/20163-通用消息系统.md
20165	通用抛体	通用功能 / 通用抛体	https://developer.gp.qq.com/wikieditor/#/catalog/20165	articles/20165-通用抛体.md
20168	移动与避障	进阶内容 / GamePlay系统 / 怪物系统 / 移动与避障	https://developer.gp.qq.com/wikieditor/#/catalog/20168	articles/20168-移动与避障.md
20169	受击数据资产	进阶内容 / GamePlay系统 / 属性与伤害 / 受击数据资产	https://developer.gp.qq.com/wikieditor/#/catalog/20169	articles/20169-受击数据资产.md
20174	服务节点查询手册	进阶内容 / GamePlay系统 / 怪物系统 / 服务节点查询手册	https://developer.gp.qq.com/wikieditor/#/catalog/20174	articles/20174-服务节点查询手册.md
20175	1.32 Release Notes	版本日志 / 1.32 Release Notes	https://developer.gp.qq.com/wikieditor/#/catalog/20175	articles/20175-1.32 Release Notes.md
20178	装饰器节点查询手册	进阶内容 / GamePlay系统 / 怪物系统 / 装饰器节点查询手册	https://developer.gp.qq.com/wikieditor/#/catalog/20178	articles/20178-装饰器节点查询手册.md
20179	任务节点查询手册	进阶内容 / GamePlay系统 / 怪物系统 / 任务节点查询手册	https://developer.gp.qq.com/wikieditor/#/catalog/20179	articles/20179-任务节点查询手册.md
20190	概览	玩法案例及模板 / 多人PVE模板 / 概览	https://developer.gp.qq.com/wikieditor/#/catalog/20190	articles/20190-概览.md
20191	模式配置（单人PVE模式）	玩法案例及模板 / 多人PVE模板 / 模式配置（单人PVE模式）	https://developer.gp.qq.com/wikieditor/#/catalog/20191	articles/20191-模式配置（单人PVE模式）.md
20192	模式配置（多人PVE模式）	玩法案例及模板 / 多人PVE模板 / 模式配置（多人PVE模式）	https://developer.gp.qq.com/wikieditor/#/catalog/20192	articles/20192-模式配置（多人PVE模式）.md
20193	怪物刷新	玩法案例及模板 / 多人PVE模板 / 怪物刷新	https://developer.gp.qq.com/wikieditor/#/catalog/20193	articles/20193-怪物刷新.md
20194	物品刷新	玩法案例及模板 / 多人PVE模板 / 物品刷新	https://developer.gp.qq.com/wikieditor/#/catalog/20194	articles/20194-物品刷新.md
20195	战斗内商店	玩法案例及模板 / 多人PVE模板 / 战斗内商店	https://developer.gp.qq.com/wikieditor/#/catalog/20195	articles/20195-战斗内商店.md
20196	关卡管理	玩法案例及模板 / 多人PVE模板 / 关卡管理	https://developer.gp.qq.com/wikieditor/#/catalog/20196	articles/20196-关卡管理.md
20197	游戏大厅系统	玩法案例及模板 / 多人PVE模板 / 游戏大厅系统	https://developer.gp.qq.com/wikieditor/#/catalog/20197	articles/20197-游戏大厅系统.md
20198	角色系统	玩法案例及模板 / 多人PVE模板 / 角色系统	https://developer.gp.qq.com/wikieditor/#/catalog/20198	articles/20198-角色系统.md
20202	小地图音效可视化	新手入门 / 游戏场景 / 小地图音效可视化	https://developer.gp.qq.com/wikieditor/#/catalog/20202	articles/20202-小地图音效可视化.md
20203	信号圈系统	进阶内容 / 和平精英集成功能 / 信号圈系统	https://developer.gp.qq.com/wikieditor/#/catalog/20203	articles/20203-信号圈系统.md
20205	角色属性与状态	进阶内容 / GamePlay系统 / 属性与伤害 / 角色属性与状态	https://developer.gp.qq.com/wikieditor/#/catalog/20205	articles/20205-角色属性与状态.md
20207	视频生成3D动画	AI工具 / 视频生成3D动画	https://developer.gp.qq.com/wikieditor/#/catalog/20207	articles/20207-视频生成3D动画.md
20208	表格管理器	通用功能 / 表格管理器	https://developer.gp.qq.com/wikieditor/#/catalog/20208	articles/20208-表格管理器.md
20210	物品与背包槽位	进阶内容 / GamePlay系统 / 物资系统 / 物资编辑器2.0 / 物品与背包槽位	https://developer.gp.qq.com/wikieditor/#/catalog/20210	articles/20210-物品与背包槽位.md
20211	绿洲玩法适配和平精英模拟器	进阶内容 / 输入系统 / 绿洲玩法适配和平精英模拟器	https://developer.gp.qq.com/wikieditor/#/catalog/20211	articles/20211-绿洲玩法适配和平精英模拟器.md
20212	自定义物品模型	进阶内容 / GamePlay系统 / 物资系统 / 物资编辑器2.0 / 自定义物品模型	https://developer.gp.qq.com/wikieditor/#/catalog/20212	articles/20212-自定义物品模型.md
20213	玩法特权接入指南	商业化及功能模板 / 玩法特权接入指南	https://developer.gp.qq.com/wikieditor/#/catalog/20213	articles/20213-玩法特权接入指南.md
20216	全局治疗公式	进阶内容 / GamePlay系统 / 属性与伤害 / 全局治疗公式	https://developer.gp.qq.com/wikieditor/#/catalog/20216	articles/20216-全局治疗公式.md
20217	法术场	进阶内容 / GamePlay系统 / 技能系统 / 法术场	https://developer.gp.qq.com/wikieditor/#/catalog/20217	articles/20217-法术场.md
20218	通用过滤器	通用功能 / 通用过滤器	https://developer.gp.qq.com/wikieditor/#/catalog/20218	articles/20218-通用过滤器.md
20222	1.33 Release Notes	版本日志 / 1.33 Release Notes	https://developer.gp.qq.com/wikieditor/#/catalog/20222	articles/20222-1.33 Release Notes.md
20223	特效编辑器	进阶内容 / 特效编辑器	https://developer.gp.qq.com/wikieditor/#/catalog/20223	articles/20223-特效编辑器.md
20228	角色Avatar复制	进阶内容 / GamePlay系统 / 角色系统 / 角色Avatar复制	https://developer.gp.qq.com/wikieditor/#/catalog/20228	articles/20228-角色Avatar复制.md
20232	结算模板	商业化及功能模板 / 结算模板	https://developer.gp.qq.com/wikieditor/#/catalog/20232	articles/20232-结算模板.md
20237	任务模板	商业化及功能模板 / 任务模板	https://developer.gp.qq.com/wikieditor/#/catalog/20237	articles/20237-任务模板.md
20242	战斗日志	绿洲编辑器基础内容 / 调试游戏 / 战斗日志	https://developer.gp.qq.com/wikieditor/#/catalog/20242	articles/20242-战斗日志.md
20244	音频编辑器	新手入门 / 资源管理与编辑 / 音频编辑器	https://developer.gp.qq.com/wikieditor/#/catalog/20244	articles/20244-音频编辑器.md
20245	载具编辑器	进阶内容 / GamePlay系统 / 载具系统 / 载具编辑器	https://developer.gp.qq.com/wikieditor/#/catalog/20245	articles/20245-载具编辑器.md
20246	载具属性对照表	进阶内容 / GamePlay系统 / 属性与伤害 / 载具属性对照表	https://developer.gp.qq.com/wikieditor/#/catalog/20246	articles/20246-载具属性对照表.md
20247	资产迁移	新手入门 / 资源管理与编辑 / 资产迁移	https://developer.gp.qq.com/wikieditor/#/catalog/20247	articles/20247-资产迁移.md
20248	道路生成器	新手入门 / 游戏场景 / 场景编辑基础 / 道路生成器	https://developer.gp.qq.com/wikieditor/#/catalog/20248	articles/20248-道路生成器.md
20250	怪物行为控制组件	进阶内容 / GamePlay系统 / 怪物系统 / 怪物行为控制组件	https://developer.gp.qq.com/wikieditor/#/catalog/20250	articles/20250-怪物行为控制组件.md
20251	怪物动画	进阶内容 / GamePlay系统 / 怪物系统 / 怪物动画	https://developer.gp.qq.com/wikieditor/#/catalog/20251	articles/20251-怪物动画.md
20252	怪物受击	进阶内容 / GamePlay系统 / 怪物系统 / 怪物受击	https://developer.gp.qq.com/wikieditor/#/catalog/20252	articles/20252-怪物受击.md
20253	变参Buff模板	进阶内容 / GamePlay系统 / 技能系统 / Buff编辑器2.0 / 变参Buff模板	https://developer.gp.qq.com/wikieditor/#/catalog/20253	articles/20253-变参Buff模板.md
20254	路点移动	进阶内容 / GamePlay系统 / 怪物系统 / 路点移动	https://developer.gp.qq.com/wikieditor/#/catalog/20254	articles/20254-路点移动.md
20255	修改怪物模型	进阶内容 / GamePlay系统 / 怪物系统 / 修改怪物模型	https://developer.gp.qq.com/wikieditor/#/catalog/20255	articles/20255-修改怪物模型.md
20256	1.34 Release Notes	版本日志 / 1.34 Release Notes	https://developer.gp.qq.com/wikieditor/#/catalog/20256	articles/20256-1.34 Release Notes.md
20265	行为树	进阶内容 / GamePlay系统 / 怪物系统 / 行为树	https://developer.gp.qq.com/wikieditor/#/catalog/20265	articles/20265-行为树.md
20266	导航网格	进阶内容 / GamePlay系统 / 怪物系统 / 导航网格	https://developer.gp.qq.com/wikieditor/#/catalog/20266	articles/20266-导航网格.md
20267	空投系统	进阶内容 / 和平精英集成功能 / 空投系统	https://developer.gp.qq.com/wikieditor/#/catalog/20267	articles/20267-空投系统.md
20269	UI自适应屏幕	进阶内容 / UI系统 / UI自适应屏幕	https://developer.gp.qq.com/wikieditor/#/catalog/20269	articles/20269-UI自适应屏幕.md
20270	局内补人	绿洲编辑器基础内容 / 匹配系统 / 局内补人	https://developer.gp.qq.com/wikieditor/#/catalog/20270	articles/20270-局内补人.md
20272	EmmyLua调试工具	绿洲编辑器基础内容 / 脚本编写 / EmmyLua调试工具	https://developer.gp.qq.com/wikieditor/#/catalog/20272	articles/20272-EmmyLua调试工具.md
20274	动态更新导航网格	进阶内容 / GamePlay系统 / 怪物系统 / 动态更新导航网格	https://developer.gp.qq.com/wikieditor/#/catalog/20274	articles/20274-动态更新导航网格.md
20276	电磁干扰区系统	进阶内容 / 和平精英集成功能 / 电磁干扰区系统	https://developer.gp.qq.com/wikieditor/#/catalog/20276	articles/20276-电磁干扰区系统.md
20279	轰炸区系统	进阶内容 / 和平精英集成功能 / 轰炸区系统	https://developer.gp.qq.com/wikieditor/#/catalog/20279	articles/20279-轰炸区系统.md
20285	无骨骼怪物模板	进阶内容 / GamePlay系统 / 怪物系统 / 无骨骼怪物模板	https://developer.gp.qq.com/wikieditor/#/catalog/20285	articles/20285-无骨骼怪物模板.md
20289	俯视角模板	玩法案例及模板 / 俯视角模板	https://developer.gp.qq.com/wikieditor/#/catalog/20289	articles/20289-俯视角模板.md
20290	输入映射	进阶内容 / 输入系统 / 输入映射	https://developer.gp.qq.com/wikieditor/#/catalog/20290	articles/20290-输入映射.md
20291	载具刷新器	进阶内容 / GamePlay系统 / 载具系统 / 载具刷新器	https://developer.gp.qq.com/wikieditor/#/catalog/20291	articles/20291-载具刷新器.md
20292	AI资源检索	AI工具 / AI资源检索	https://developer.gp.qq.com/wikieditor/#/catalog/20292	articles/20292-AI资源检索.md
20293	场景破坏物	通用功能 / 场景破坏物	https://developer.gp.qq.com/wikieditor/#/catalog/20293	articles/20293-场景破坏物.md
20295	通用屏幕指示器	进阶内容 / UI系统 / 通用屏幕指示器	https://developer.gp.qq.com/wikieditor/#/catalog/20295	articles/20295-通用屏幕指示器.md
20297	性能检测工具	性能优化及异常处理 / 性能检测工具	https://developer.gp.qq.com/wikieditor/#/catalog/20297	articles/20297-性能检测工具.md
20298	实体类型	通用功能 / 实体类型	https://developer.gp.qq.com/wikieditor/#/catalog/20298	articles/20298-实体类型.md
20302	1.35 Release Notes	版本日志 / 1.35 Release Notes	https://developer.gp.qq.com/wikieditor/#/catalog/20302	articles/20302-1.35 Release Notes.md
20309	防外挂逻辑自检	性能优化及异常处理 / 防外挂逻辑自检	https://developer.gp.qq.com/wikieditor/#/catalog/20309	articles/20309-防外挂逻辑自检.md
20310	编辑器安装	常见问题 / 编辑器安装	https://developer.gp.qq.com/wikieditor/#/catalog/20310	articles/20310-编辑器安装.md
20311	玩法流程	常见问题 / 玩法流程	https://developer.gp.qq.com/wikieditor/#/catalog/20311	articles/20311-玩法流程.md
20312	GamePlay	常见问题 / GamePlay	https://developer.gp.qq.com/wikieditor/#/catalog/20312	articles/20312-GamePlay.md
20314	上传&调试	常见问题 / 上传&调试	https://developer.gp.qq.com/wikieditor/#/catalog/20314	articles/20314-上传&调试.md
20316	商业化	常见问题 / 商业化	https://developer.gp.qq.com/wikieditor/#/catalog/20316	articles/20316-商业化.md
20317	UI	常见问题 / UI	https://developer.gp.qq.com/wikieditor/#/catalog/20317	articles/20317-UI.md
20318	脚本逻辑	常见问题 / 脚本逻辑	https://developer.gp.qq.com/wikieditor/#/catalog/20318	articles/20318-脚本逻辑.md
20323	丧尸法师案例	进阶内容 / GamePlay系统 / 怪物系统 / 丧尸法师案例	https://developer.gp.qq.com/wikieditor/#/catalog/20323	articles/20323-丧尸法师案例.md
20325	技能元件	进阶内容 / UI系统 / 技能元件	https://developer.gp.qq.com/wikieditor/#/catalog/20325	articles/20325-技能元件.md
20326	出生/复活/死亡配置	常用实战教学 / 出生/复活/死亡配置	https://developer.gp.qq.com/wikieditor/#/catalog/20326	articles/20326-出生_复活_死亡配置.md
20347	补偿接入指引	商业化及功能模板 / 补偿接入指引	https://developer.gp.qq.com/wikieditor/#/catalog/20347	articles/20347-补偿接入指引.md
20348	网络重连机制使用指南	性能优化及异常处理 / 网络重连机制使用指南	https://developer.gp.qq.com/wikieditor/#/catalog/20348	articles/20348-网络重连机制使用指南.md
20350	AIGC地形生成插件	新手入门 / 游戏场景 / 场景编辑基础 / AIGC地形生成插件	https://developer.gp.qq.com/wikieditor/#/catalog/20350	articles/20350-AIGC地形生成插件.md
20351	Tween功能	通用功能 / Tween功能	https://developer.gp.qq.com/wikieditor/#/catalog/20351	articles/20351-Tween功能.md
20352	Actor实例路径使用	绿洲编辑器基础内容 / 脚本编写 / Actor实例路径使用	https://developer.gp.qq.com/wikieditor/#/catalog/20352	articles/20352-Actor实例路径使用.md
20355	目录总览	玩法案例及模板 / 团竞模板 / 团竞2.0玩法 / 目录总览	https://developer.gp.qq.com/wikieditor/#/catalog/20355	articles/20355-目录总览.md
20356	工程概述	玩法案例及模板 / 团竞模板 / 团竞2.0玩法 / 工程概述	https://developer.gp.qq.com/wikieditor/#/catalog/20356	articles/20356-工程概述.md
20357	事件系统与枚举定义详解	玩法案例及模板 / 团竞模板 / 团竞2.0玩法 / 事件系统与枚举定义详解	https://developer.gp.qq.com/wikieditor/#/catalog/20357	articles/20357-事件系统与枚举定义详解.md
20358	游戏模式核心逻辑详解	玩法案例及模板 / 团竞模板 / 团竞2.0玩法 / 游戏模式核心逻辑详解	https://developer.gp.qq.com/wikieditor/#/catalog/20358	articles/20358-游戏模式核心逻辑详解.md
20359	游戏状态与数据同步详解	玩法案例及模板 / 团竞模板 / 团竞2.0玩法 / 游戏状态与数据同步详解	https://developer.gp.qq.com/wikieditor/#/catalog/20359	articles/20359-游戏状态与数据同步详解.md
20360	玩家控制器与交互详解	玩法案例及模板 / 团竞模板 / 团竞2.0玩法 / 玩家控制器与交互详解	https://developer.gp.qq.com/wikieditor/#/catalog/20360	articles/20360-玩家控制器与交互详解.md
20361	1.36 Release Notes	版本日志 / 1.36 Release Notes	https://developer.gp.qq.com/wikieditor/#/catalog/20361	articles/20361-1.36 Release Notes.md
20370	刀刃球同步算法	常用实战教学 / 刀刃球同步算法	https://developer.gp.qq.com/wikieditor/#/catalog/20370	articles/20370-刀刃球同步算法.md
20371	天赋系统	玩法案例及模板 / 多人PVE模板 / 天赋系统	https://developer.gp.qq.com/wikieditor/#/catalog/20371	articles/20371-天赋系统.md
20372	装备随机词条	玩法案例及模板 / 多人PVE模板 / 装备随机词条	https://developer.gp.qq.com/wikieditor/#/catalog/20372	articles/20372-装备随机词条.md
20375	怪物配置	玩法案例及模板 / 多人PVE模板 / 怪物配置	https://developer.gp.qq.com/wikieditor/#/catalog/20375	articles/20375-怪物配置.md
20377	UGC 商业化兑换系统	商业化及功能模板 / UGC 商业化兑换系统	https://developer.gp.qq.com/wikieditor/#/catalog/20377	articles/20377-UGC 商业化兑换系统.md
20390	上传失败排查指南	常见问题 / 上传失败排查指南	https://developer.gp.qq.com/wikieditor/#/catalog/20390	articles/20390-上传失败排查指南.md
20391	PIE调试失败原因与解决方案	常见问题 / PIE调试失败原因与解决方案	https://developer.gp.qq.com/wikieditor/#/catalog/20391	articles/20391-PIE调试失败原因与解决方案.md
